INSERT INTO users(id, uuid, name, password, password_valid_to,login_allowed, nopasswd, disabled, unlock_time,
last_successful_login,last_unsuccessful_login,consecutive_failures, valid_from, valid_to)
VALUES
(
1, '221dadca-00a2-41a5-825e-9dcde1f1db83', 'bob-brainfreese','1|PBKDF2WithHmacSHA1|HhqOGQckwcYidjOnbes9ZILMxzBMomQlTzxCtZCakwg=|2000|A70XBsM/lulUWwYHkOFXtzByvvQnVqa5mBlh7+V5L5E=',
'2030-01-01 00:00:00',
'111111111111111111111111111111111111111111111111111111111111111111111111111111111111111111111111111111111111111111111111111111111111111111111111111111111111111111111111111111111111111111111111111111111111111111111111111111111111111111111111111111111111111111111111111111111111111111111111111111111111111111111111111111111111111111111111',
 0, 0, '1970-01-02 00:00:00', '2014-01-01 00:00:00','2014-01-02 00:00:00',2,'1970-01-02 00:00:00', '2038-01-19 00:00:00'
),
(
 2, '86f90ca2-ae8d-461a-9889-2ddf1192a2b2', 'bob-nopasswd','','2030-01-01 00:00:00',
 '111111111111111111111111111111111111111111111111111111111111111111111111111111111111111111111111111111111111111111111111111111111111111111111111111111111111111111111111111111111111111111111111111111111111111111111111111111111111111111111111111111111111111111111111111111111111111111111111111111111111111111111111111111111111111111111111',
  1, 0,'1970-01-02 00:00:00', '2014-01-01 00:00:00','2014-01-02 00:00:00',2,'1970-01-02 00:00:00', '2038-01-19  00:00:00'
 );

INSERT INTO user_attributes(user_id,name,value)
VALUES
(1,'displayName','bobbie'),
(1,'firstName','brain'),
(1,'lastName','freese'),
(1,'email','bob@gmail.com'),
(2,'displayName','bobbie2'),
(2,'firstName','no'),
(2,'lastName','passwd');

INSERT INTO groups(id, name, uuid)
VALUES
(1, 'brazil', '5eaeb061-e67a-4334-ac1c-501bc188eab1'),
(2, 'argentina', '20dc3c4b-9e61-4b6e-a924-3929e9577530');

INSERT INTO group_attributes(group_id,name,value)
VALUES
(1,'displayName','Brazil'),
(2,'displayName','Argentina');

INSERT INTO user_groups(user_id,in_group_id)
VALUES
(1,1),
(1,2);

INSERT INTO group_groups(group_id,in_group_id)
VALUES
(1,2);

-- Force settings refresh during tests.
UPDATE settings
SET VALUE = 0
WHERE name = 'SETTINGS_INTERVAL_MINUTES'


